<?xml version="1.0" encoding="utf-8"?>
<System>
  <P Name="Location">[768, 0, 1536, 912]</P>
  <P Name="Open">on</P>
  <P Name="ZoomFactor">80</P>
  <P Name="ReportName">simulink-default.rpt</P>
  <P Name="SIDHighWatermark">16</P>
  <Block BlockType="Reference" Name="Band-Limited&#xA;White Noise" SID="7">
    <PortCounts out="1"/>
    <P Name="Position">[-5, 305, 25, 335]</P>
    <P Name="ZOrder">7</P>
    <P Name="LibraryVersion">4.1</P>
    <P Name="SourceBlock">simulink/Sources/Band-Limited
White Noise</P>
    <P Name="SourceType">Band-Limited White Noise.</P>
    <InstanceData>
      <P Name="RTWMemSecFuncInitTerm">Inherit from model</P>
      <P Name="RTWMemSecFuncExecute">Inherit from model</P>
      <P Name="RTWMemSecDataConstants">Inherit from model</P>
      <P Name="RTWMemSecDataInternal">Inherit from model</P>
      <P Name="RTWMemSecDataParameters">Inherit from model</P>
      <P Name="ContentPreviewEnabled">on</P>
      <P Name="Cov">36</P>
      <P Name="Ts">1/256</P>
      <P Name="seed">0</P>
      <P Name="VectorParams1D">on</P>
    </InstanceData>
  </Block>
  <Block BlockType="DiscreteFir" Name="Discrete FIR Filter" SID="14">
    <PortCounts in="1" out="1"/>
    <P Name="Position">[-5, 406, 55, 444]</P>
    <P Name="ZOrder">14</P>
    <P Name="InputPortMap">u0</P>
    <P Name="OutputPortMap">o0</P>
    <P Name="Coefficients">[3.010959657418e-04 3.808533483496e-04 4.788063445319e-04 5.982893769276e-04 7.430396065074e-04 9.171954943366e-04 1.125281394716e-03 1.372175437228e-03 1.663058094270e-03 2.003339142406e-03 2.398561231023e-03 2.854278982927e-03 3.375913470118e-03 3.968583022006e-03 4.636912605461e-03 5.384825422315e-03 6.215321840009e-03 7.130252229297e-03 8.130091641521e-03 9.213725420578e-03 1.037825571261e-02 1.161883931473e-02 1.292856730908e-02 1.429839639587e-02 1.571714072942e-02 1.717153136906e-02 1.864634821062e-02 2.012462653426e-02 2.158793719541e-02 2.301673614008e-02 2.439077551160e-02 2.568956532134e-02 2.689287167553e-02 2.798123507400e-02 2.893649049442e-02 2.974226998607e-02 3.038446841691e-02 3.085165388899e-02 3.113540614912e-02 3.123056900122e-02 3.113540614912e-02 3.085165388899e-02 3.038446841691e-02 2.974226998607e-02 2.893649049442e-02 2.798123507400e-02 2.689287167553e-02 2.568956532134e-02 2.439077551160e-02 2.301673614008e-02 2.158793719541e-02 2.012462653426e-02 1.864634821062e-02 1.717153136906e-02 1.571714072942e-02 1.429839639587e-02 1.292856730908e-02 1.161883931473e-02 1.037825571261e-02 9.213725420578e-03 8.130091641521e-03 7.130252229297e-03 6.215321840009e-03 5.384825422315e-03 4.636912605461e-03 3.968583022006e-03 3.375913470118e-03 2.854278982927e-03 2.398561231023e-03 2.003339142406e-03 1.663058094270e-03 1.372175437228e-03 1.125281394716e-03 9.171954943366e-04 7.430396065074e-04 5.982893769276e-04 4.788063445319e-04 3.808533483496e-04 3.010959657418e-04]
</P>
  </Block>
  <Block BlockType="Gain" Name="Gain" SID="15">
    <P Name="Position">[95, 410, 125, 440]</P>
    <P Name="ZOrder">15</P>
    <P Name="Gain">20*10^(-6)</P>
  </Block>
  <Block BlockType="DiscretePulseGenerator" Name="Pulse&#xA;Generator" SID="12">
    <PortCounts out="1"/>
    <P Name="Position">[-90, 409, -60, 441]</P>
    <P Name="ZOrder">12</P>
    <P Name="PulseType">Time based</P>
    <P Name="Period">10</P>
    <P Name="PulseWidth">3</P>
    <P Name="PhaseDelay">2</P>
  </Block>
  <Block BlockType="Scope" Name="Scope" SID="16">
    <PortCounts in="1"/>
    <P Name="Position">[265, 144, 295, 176]</P>
    <P Name="ZOrder">16</P>
    <P Name="ScopeSpecificationString">Simulink.scopes.TimeScopeBlockCfg(&apos;CurrentConfiguration&apos;, extmgr.ConfigurationSet(extmgr.Configuration(&apos;Core&apos;,&apos;General UI&apos;,true),extmgr.Configuration(&apos;Core&apos;,&apos;Source UI&apos;,true),extmgr.Configuration(&apos;Sources&apos;,&apos;WiredSimulink&apos;,true),extmgr.Configuration(&apos;Visuals&apos;,&apos;Time Domain&apos;,true,&apos;SerializedDisplays&apos;,{struct(&apos;MinYLimReal&apos;,&apos;-363.17662&apos;,&apos;MaxYLimReal&apos;,&apos;447.8992&apos;,&apos;YLabelReal&apos;,&apos;&apos;,&apos;MinYLimMag&apos;,&apos; 0.00000&apos;,&apos;MaxYLimMag&apos;,&apos;447.8992&apos;,&apos;LegendVisibility&apos;,&apos;off&apos;,&apos;XGrid&apos;,true,&apos;YGrid&apos;,true,&apos;PlotMagPhase&apos;,false,&apos;AxesColor&apos;,[0 0 0],&apos;AxesTickColor&apos;,[0.686274509803922 0.686274509803922 0.686274509803922],&apos;ColorOrder&apos;,[1 1 0.0666666666666667;0.0745098039215686 0.623529411764706 1;1 0.411764705882353 0.16078431372549;0.392156862745098 0.831372549019608 0.0745098039215686;0.717647058823529 0.274509803921569 1;0.0588235294117647 1 1;1 0.0745098039215686 0.650980392156863],&apos;Title&apos;,&apos;%&lt;SignalLabel&gt;&apos;,&apos;LinePropertiesCache&apos;,{{}},&apos;UserDefinedChannelNames&apos;,{{}},&apos;NumLines&apos;,1,&apos;LineNames&apos;,{{&apos;Sum of Elements&apos;}},&apos;ShowContent&apos;,true,&apos;Placement&apos;,1)},&apos;DisplayPropertyDefaults&apos;,struct(&apos;MinYLimReal&apos;,&apos;-363.17662&apos;,&apos;MaxYLimReal&apos;,&apos;447.8992&apos;,&apos;YLabelReal&apos;,&apos;&apos;,&apos;MinYLimMag&apos;,&apos; 0.00000&apos;,&apos;MaxYLimMag&apos;,&apos;447.8992&apos;,&apos;LegendVisibility&apos;,&apos;off&apos;,&apos;XGrid&apos;,true,&apos;YGrid&apos;,true,&apos;PlotMagPhase&apos;,false,&apos;AxesColor&apos;,[0 0 0],&apos;AxesTickColor&apos;,[0.686274509803922 0.686274509803922 0.686274509803922],&apos;ColorOrder&apos;,[0.0745098039215686 0.623529411764706 1;1 0.411764705882353 0.16078431372549;1 1 0.0666666666666667;0.717647058823529 0.274509803921569 1;0.392156862745098 0.831372549019608 0.0745098039215686;0.0588235294117647 1 1;1 0.0745098039215686 0.650980392156863])),extmgr.Configuration(&apos;Tools&apos;,&apos;Plot Navigation&apos;,true),extmgr.Configuration(&apos;Tools&apos;,&apos;Measurements&apos;,true,&apos;Version&apos;,&apos;2023a&apos;)),&apos;Version&apos;,&apos;2023a&apos;,&apos;Position&apos;,[873 206.6 560 420])</P>
    <P Name="NumInputPorts">1</P>
    <P Name="Floating">off</P>
  </Block>
  <Block BlockType="Sin" Name="Sine Wave&#xA;Function" SID="2">
    <PortCounts out="1"/>
    <P Name="Position">[75, 75, 105, 105]</P>
    <P Name="ZOrder">2</P>
    <P Name="Amplitude">30 * 10^(-6)</P>
    <P Name="Frequency">12.566</P>
    <P Name="Phase">2*pi*rand()</P>
    <P Name="Samples">256</P>
    <P Name="SampleTime">1/256</P>
  </Block>
  <Block BlockType="Sin" Name="Sine Wave&#xA;Function1" SID="3">
    <PortCounts out="1"/>
    <P Name="Position">[75, 145, 105, 175]</P>
    <P Name="ZOrder">3</P>
    <P Name="Amplitude">40 * 10^(-6)</P>
    <P Name="Frequency">62.63</P>
    <P Name="Phase">2*pi*rand()</P>
    <P Name="Samples">256</P>
    <P Name="SampleTime">1/256</P>
  </Block>
  <Block BlockType="Sin" Name="Sine Wave&#xA;Function2" SID="4">
    <PortCounts out="1"/>
    <P Name="Position">[75, 215, 105, 245]</P>
    <P Name="ZOrder">4</P>
    <P Name="Amplitude">10 * 10^(-6)</P>
    <P Name="Frequency">125.66</P>
    <P Name="Phase">2*pi*rand()</P>
    <P Name="Samples">256</P>
    <P Name="SampleTime">1/256</P>
  </Block>
  <Block BlockType="Sum" Name="Sum of&#xA;Elements" SID="6">
    <PortCounts in="5" out="1"/>
    <P Name="Position">[155, 145, 185, 175]</P>
    <P Name="ZOrder">6</P>
    <P Name="IconShape">rectangular</P>
    <P Name="Inputs">+++++</P>
  </Block>
  <Line>
    <P Name="ZOrder">2</P>
    <P Name="Src">2#out:1</P>
    <P Name="Points">[20, 0; 0, 60]</P>
    <P Name="Dst">6#in:1</P>
  </Line>
  <Line>
    <P Name="ZOrder">4</P>
    <P Name="Src">3#out:1</P>
    <P Name="Points">[3, 0; 0, -5]</P>
    <P Name="Dst">6#in:2</P>
  </Line>
  <Line>
    <P Name="ZOrder">5</P>
    <P Name="Src">4#out:1</P>
    <P Name="Points">[11, 0; 0, -70]</P>
    <P Name="Dst">6#in:3</P>
  </Line>
  <Line>
    <P Name="ZOrder">14</P>
    <P Name="Src">7#out:1</P>
    <P Name="Points">[110, 0]</P>
    <P Name="Dst">6#in:4</P>
  </Line>
  <Line>
    <P Name="ZOrder">9</P>
    <P Name="Src">12#out:1</P>
    <P Name="Dst">14#in:1</P>
  </Line>
  <Line>
    <P Name="ZOrder">10</P>
    <P Name="Src">14#out:1</P>
    <P Name="Dst">15#in:1</P>
  </Line>
  <Line>
    <P Name="ZOrder">11</P>
    <P Name="Src">15#out:1</P>
    <P Name="Points">[18, 0; 0, -255]</P>
    <P Name="Dst">6#in:5</P>
  </Line>
  <Line>
    <P Name="ZOrder">13</P>
    <P Name="Src">6#out:1</P>
    <P Name="Dst">16#in:1</P>
  </Line>
</System>
