<?xml version="1.0" encoding="UTF-8"?>
<sltp_graph version="1.1" packageUris="http://schema.mathworks.com/mf0/sltp_mm/R2023a_202209151115">
  <sltp.mm.core.Context type="sltp.mm.core.Context" uuid="eaa72d88-4ee5-416d-b060-e92534399baf">
    <priorityDirection>HighNumberLast</priorityDirection>
    <defaultEventBehavior type="sltp.mm.core.EventBehavior" uuid="d7ab87b1-5e71-4ca0-9d82-f03c5bd9acc2"/>
    <editorState type="sltp.mm.core.EditorState" uuid="dfddbac0-357d-476b-aee8-f6ce847b5b79">
      <isSynchronized>true</isSynchronized>
      <panelState type="sltp.mm.core.EditorPanelState" uuid="ce5f0e47-f930-4581-a1d3-2284783b58ef"/>
    </editorState>
    <rootTask type="sltp.mm.core.Task" uuid="d68bf30b-f682-4bfc-92a1-8148c2d0e839">
      <context type="sltp.mm.core.Context" uuid="eaa72d88-4ee5-416d-b060-e92534399baf"/>
      <explicit>false</explicit>
      <name>Default</name>
      <priority>-2147483648</priority>
      <subgraph type="sltp.mm.core.Graph" uuid="d49cbe55-bd86-4672-a486-46c034e89138">
        <tasks type="sltp.mm.core.Task" uuid="dab6a04f-adc4-4da5-9615-4256a0da8a07">
          <baseTask>true</baseTask>
          <context type="sltp.mm.core.Context" uuid="eaa72d88-4ee5-416d-b060-e92534399baf"/>
          <explicit>false</explicit>
          <id>1</id>
          <isTimed>true</isTimed>
          <name>FiM</name>
          <priority>40</priority>
          <rates type="sltp.mm.core.Rate" uuid="54447710-26aa-446d-986e-18827061baf1">
            <annotation>FiM</annotation>
            <color>-2139062017</color>
            <identifier>ZOHContinuous01</identifier>
            <rateIndex>0</rateIndex>
            <rateSpec type="sltp.mm.core.RateSpec">
              <offset>1.0</offset>
              <period>0.0</period>
            </rateSpec>
            <sti>0</sti>
          </rates>
          <rates type="sltp.mm.core.Rate" uuid="ad6b0d86-929b-4225-b907-19e71384f4e6">
            <annotation>D1</annotation>
            <color>-436207361</color>
            <hasBlocks>true</hasBlocks>
            <rateIndex>1</rateIndex>
            <rateSpec type="sltp.mm.core.RateSpec">
              <period>.00390625</period>
            </rateSpec>
            <sti>1</sti>
          </rates>
          <rates type="sltp.mm.core.Rate" uuid="0cb2bfc6-fbf9-41fd-b451-8b2898377425">
            <annotation>V1</annotation>
            <color>-1507120129</color>
            <hasBlocks>true</hasBlocks>
            <rateIndex>2</rateIndex>
            <rateSpec type="sltp.mm.core.RateSpec">
              <period>-2.0</period>
            </rateSpec>
            <sti>2</sti>
          </rates>
        </tasks>
      </subgraph>
    </rootTask>
  </sltp.mm.core.Context>
</sltp_graph>