<?xml version="1.0" encoding="UTF-8"?>
<sltp_editor version="1.1" packageUris="http://schema.mathworks.com/mf0/DiagramEditor/R2019a_20181107 http://schema.mathworks.com/mf0/SltpSyntax/R2023a_202207220222">
  <sltp.mm.syntax.Context type="sltp.mm.syntax.Context" uuid="3bc6494c-0943-48af-82ee-575fcc503e5e">
    <rootGraph type="sltp.mm.syntax.Graph" uuid="e76d6954-ede4-4db3-b2ce-0530b1bcca81">
      <children type="sltp.mm.syntax.Node" uuid="17277d07-841d-4450-8be0-bce1bba5ff1c">
        <priority>40</priority>
        <rates type="sltp.mm.syntax.RateData">
          <color>#808080</color>
          <rate>[0, 1]</rate>
          <title>FiM</title>
        </rates>
        <rates type="sltp.mm.syntax.RateData">
          <color>#e60000</color>
          <hasBlocks>true</hasBlocks>
          <rate>0.00390625</rate>
          <title>D1</title>
        </rates>
        <rates type="sltp.mm.syntax.RateData">
          <color>#a62b2b</color>
          <hasBlocks>true</hasBlocks>
          <rate>-2</rate>
          <title>V1</title>
        </rates>
        <title>FiM</title>
        <type>base</type>
        <diagramElement type="diagram.editor.model.Entity" uuid="50166d1b-d4ad-433c-952e-b4c6e5e42248"/>
        <subgraph type="sltp.mm.syntax.Graph" uuid="74e745ac-f054-459e-93d8-e28bc5da6d06">
          <title>FiM</title>
          <diagramElement type="diagram.editor.model.Diagram" uuid="15369120-6618-4c51-97ff-4c0b963fd09d"/>
        </subgraph>
      </children>
      <title>Default</title>
      <diagramElement type="diagram.editor.model.Diagram" uuid="e2860f81-b6af-48e2-92fc-12e61e1e719c"/>
    </rootGraph>
  </sltp.mm.syntax.Context>
  <diagram.editor.model.Diagram type="diagram.editor.model.Diagram" uuid="e2860f81-b6af-48e2-92fc-12e61e1e719c">
    <entities type="diagram.editor.model.Entity" uuid="50166d1b-d4ad-433c-952e-b4c6e5e42248">
      <position>0,0</position>
      <size>0,0,0,0</size>
      <syntaxElement type="sltp.mm.syntax.Node" uuid="17277d07-841d-4450-8be0-bce1bba5ff1c"/>
      <title>FiM</title>
      <type>base</type>
      <subDiagram type="diagram.editor.model.Diagram" uuid="15369120-6618-4c51-97ff-4c0b963fd09d">
        <position>0,0</position>
        <syntaxElement type="sltp.mm.syntax.Graph" uuid="74e745ac-f054-459e-93d8-e28bc5da6d06"/>
        <title>FiM</title>
        <type>graph.Graph</type>
      </subDiagram>
    </entities>
    <syntaxElement type="sltp.mm.syntax.Graph" uuid="e76d6954-ede4-4db3-b2ce-0530b1bcca81"/>
    <title>Default</title>
    <type>graph.Graph</type>
  </diagram.editor.model.Diagram>
</sltp_editor>