<?xml version="1.0" encoding="UTF-8"?><w:document xmlns:w="http://schemas.openxmlformats.org/wordprocessingml/2006/main"><w:body><w:p><w:pPr><w:pStyle w:val="code"/></w:pPr><w:r><w:t><![CDATA[load("C:\Users\Admin\Documents\JHU\Data Sets\Drive Folder\25-09-03(MilMed-2)-BS\Ephys recordings\Rec_1_unpacked.mat", 'unpackedFile');]]></w:t></w:r></w:p><w:p><w:pPr><w:pStyle w:val="text"/><w:jc w:val="left"/></w:pPr><w:r><w:t>Plotting each channel (0 to 3) on separate graphs as follows</w:t></w:r></w:p><w:p><w:pPr><w:pStyle w:val="code"/></w:pPr><w:r><w:t><![CDATA[numChannels = size(unpackedFile.channelsData, 1);  % should be 4
totalSamples = size(unpackedFile.channelsData, 2); % all samples

figure;

for ch = 1:numChannels
    subplot(2,2,ch); % 2 rows x 2 columns
    plot(unpackedFile.time(1:totalSamples), unpackedFile.channelsData(ch, 1:totalSamples));
    xlabel('Time (s)');
    ylabel('ADC Value');
    title(['Channel ' num2str(ch-1)]);
    grid on;
end]]></w:t></w:r></w:p><w:p><w:pPr><w:pStyle w:val="text"/><w:jc w:val="left"/></w:pPr><w:r><w:t>Each channel will show data as follows</w:t></w:r></w:p><w:p><w:pPr><w:pStyle w:val="text"/><w:jc w:val="left"/></w:pPr><w:r><w:t>CH0 - Left ear</w:t></w:r></w:p><w:p><w:pPr><w:pStyle w:val="text"/><w:jc w:val="left"/></w:pPr><w:r><w:t>CH1 - Scalp / Forehead</w:t></w:r></w:p><w:p><w:pPr><w:pStyle w:val="text"/><w:jc w:val="left"/></w:pPr><w:r><w:t>CH2 - Wrist of the left arm</w:t></w:r></w:p><w:p><w:pPr><w:pStyle w:val="text"/><w:jc w:val="left"/></w:pPr><w:r><w:t>CH3 - Ground</w:t></w:r></w:p><w:p><w:pPr><w:pStyle w:val="text"/><w:jc w:val="left"/></w:pPr><w:r><w:t></w:t></w:r></w:p><w:p><w:pPr><w:pStyle w:val="text"/><w:jc w:val="left"/></w:pPr><w:r><w:t>The signals need to be synchornized as they may have small difference in starting times between them. Here I have considered channel 0 as the reference.</w:t></w:r></w:p><w:p><w:pPr><w:pStyle w:val="code"/></w:pPr><w:r><w:t><![CDATA[ref = unpackedFile.channelsData(1, :); % CH0 as reference
fprintf('\n--- Synchronization Analysis ---\n');
fs = 10000;
numCompare = numChannels - 1;       % CH1 to CH3
numPlots = numCompare * 2;          % cross-corr + aligned signals per channel
rows = ceil(numPlots / 2);          % 2 columns

figure('Name','Cross-correlation & Aligned Signals');
plotIndex = 1;

alignedChannels = zeros(size(unpackedFile.channelsData)); % preallocate
alignedChannels(1,:) = ref;  % CH0 remains reference

for ch = 2:numChannels  % CH1, CH2, CH3
    test = unpackedFile.channelsData(ch, :);

    % 2a. Compute cross-correlation
    [Rxy, lags] = xcorr(test, ref);

    % 2b. Find best shift (k*)
    [~, idx] = max(Rxy);
    k_star = lags(idx);
    time_delay = k_star / fs; % in seconds

    fprintf('CH%d vs CH0: Lag = %d samples (%.6f s)\n', ch-1, k_star, time_delay);

    % 2c. Cross-correlation subplot
    subplot(rows, 2, plotIndex);
    plot(lags/fs, Rxy, 'LineWidth', 1.5); % x-axis in seconds
    xlabel('Lag (s)');
    ylabel('Cross-correlation');
    title(['CH' num2str(ch-1) ' vs CH0']);
    grid on;
    plotIndex = plotIndex + 1;

    % 2d. Align signals based on k*
    if k_star > 0
        test_aligned = test(1 + k_star:end);
        ref_aligned = ref(1:length(test_aligned));
    elseif k_star < 0
        ref_aligned = ref(1 - k_star:end);
        test_aligned = test(1:length(ref_aligned));
    else
        test_aligned = test;
        ref_aligned = ref;
    end

    % Save aligned channel
    alignedChannels(ch, 1:length(test_aligned)) = test_aligned;

    % 2e. Plot aligned signals subplot (all samples)
    subplot(rows, 2, plotIndex);
    plot(unpackedFile.time(1:length(ref_aligned)), ref_aligned, 'LineWidth', 1.2); hold on;
    plot(unpackedFile.time(1:length(test_aligned)), test_aligned, 'LineWidth', 1.2);
    legend('Reference (CH0)', ['Aligned CH' num2str(ch-1)]);
    title(['Aligned Signals (all samples): CH' num2str(ch-1)]);
    xlabel('Time (s)');
    ylabel('ADC Value');
    grid on;
    plotIndex = plotIndex + 1;
end
figure;
plot(alignedChannels(1,:), 'LineWidth', 1.2); hold on;
plot(alignedChannels(2,:), 'LineWidth', 1.2);
plot(alignedChannels(3,:), 'LineWidth', 1.2);
legend('CH0', 'CH1', 'CH2');
xlabel('Samples');
ylabel('ADC Value');
title('All Aligned Channels');
grid on;
% Assign aligned channels to separate variables
CH0 = alignedChannels(1, :);  % Left ear
CH1 = alignedChannels(2, :);  % Scalp / Forehead
CH2 = alignedChannels(3, :);  % Wrist
CH3 = alignedChannels(4, :);  % Ground (optional, usually ignored)

% Time vector for plotting
alignedTime = unpackedFile.time(1:length(CH0));]]></w:t></w:r></w:p><w:p><w:pPr><w:pStyle w:val="text"/><w:jc w:val="left"/></w:pPr><w:r><w:t>Now we remove the DC shift of each channel signal</w:t></w:r></w:p><w:p><w:pPr><w:pStyle w:val="code"/></w:pPr><w:r><w:t><![CDATA[CH0_d = detrend(CH0);
CH1_d = detrend(CH1);
CH2_d = detrend(CH2);
CH3_d = detrend(CH3);

% Plot after detrending
figure;
plot(alignedTime, CH0_d, 'LineWidth', 1.2); hold on;
plot(alignedTime, CH1_d, 'LineWidth', 1.2);
plot(alignedTime, CH2_d, 'LineWidth', 1.2);
plot(alignedTime, CH3_d, 'LineWidth', 1.2);

legend('CH0', 'CH1', 'CH2', 'CH3');
xlabel('Time (s)');
ylabel('ADC Value (detrended)');
title('Signals after Detrending');
grid on;]]></w:t></w:r></w:p><w:p><w:pPr><w:pStyle w:val="text"/><w:jc w:val="left"/></w:pPr><w:r><w:t>Next we find the fft of each signal to check whether electromgneitc powerline noise is affected. If not we are good to proceed with.</w:t></w:r></w:p><w:p><w:pPr><w:pStyle w:val="code"/></w:pPr><w:r><w:t><![CDATA[% Sampling frequency
fs = 10000;  % replace with your actual fs

% Length of signal
N = length(CH0_d);

% Frequency vector for single-sided spectrum
f = (0:N-1)*(fs/N);
half_N = ceil(N/2);
f_single = f(1:half_N);

% Compute FFT
FFT_CH0 = fft(CH0_d);
FFT_CH1 = fft(CH1_d);
FFT_CH2 = fft(CH2_d);
FFT_CH3 = fft(CH3_d);

% Single-sided amplitude spectrum
amp_CH0_single = 2*abs(FFT_CH0(1:half_N))/N;
amp_CH1_single = 2*abs(FFT_CH1(1:half_N))/N;
amp_CH2_single = 2*abs(FFT_CH2(1:half_N))/N;
amp_CH3_single = 2*abs(FFT_CH3(1:half_N))/N;

% Plot
figure;
subplot(2,2,1); plot(f_single, amp_CH0_single); title('CH0 - Left Ear'); xlabel('Frequency (Hz)'); ylabel('Amplitude'); grid on;
subplot(2,2,2); plot(f_single, amp_CH1_single); title('CH1 - Scalp/Forehead'); xlabel('Frequency (Hz)'); ylabel('Amplitude'); grid on;
subplot(2,2,3); plot(f_single, amp_CH2_single); title('CH2 - Wrist'); xlabel('Frequency (Hz)'); ylabel('Amplitude'); grid on;
subplot(2,2,4); plot(f_single, amp_CH3_single); title('CH3 - Ground'); xlabel('Frequency (Hz)'); ylabel('Amplitude'); grid on;]]></w:t></w:r></w:p><w:p><w:pPr><w:pStyle w:val="text"/><w:jc w:val="left"/></w:pPr><w:r><w:t>Since we cannot find any 50Hz powerline noise or electromagnetic noise but we will be using the notch filter to cutoff 50 Hz.</w:t></w:r></w:p><w:p><w:pPr><w:pStyle w:val="code"/></w:pPr><w:r><w:t><![CDATA[% Define mains frequency and sampling rate
fs = 10000;        % sampling frequency (Hz)
f0 = 50;           % notch frequency (Hz)
Q = 30;            % quality factor (controls sharpness of the notch)

% Design notch filter
wo = f0/(fs/2);    
bw = wo/Q;         
[b, a] = iirnotch(wo, bw);

% Apply notch filter to each channel
CH0_notched = filtfilt(b, a, CH0_d);
CH1_notched = filtfilt(b, a, CH1_d);
CH2_notched = filtfilt(b, a, CH2_d);
CH3_notched = filtfilt(b, a, CH3_d);

% Plot before and after filtering (optional visualization)
figure;
subplot(4,1,1);
plot(CH0_d); hold on; plot(CH0_notched); title('CH0 Before & After Notch (50Hz)');
legend('Original','Filtered');

subplot(4,1,2);
plot(CH1_d); hold on; plot(CH1_notched); title('CH1 Before & After Notch (50Hz)');
legend('Original','Filtered');

subplot(4,1,3);
plot(CH2_d); hold on; plot(CH2_notched); title('CH2 Before & After Notch (50Hz)');
legend('Original','Filtered');

subplot(4,1,4);
plot(CH3_d); hold on; plot(CH3_notched); title('CH3 Before & After Notch (50Hz)');
legend('Original','Filtered');]]></w:t></w:r></w:p><w:p><w:pPr><w:pStyle w:val="text"/><w:jc w:val="left"/></w:pPr><w:r><w:t>Now willl be implementing the 40Hz low pass filter.</w:t></w:r></w:p><w:p><w:pPr><w:pStyle w:val="code"/></w:pPr><w:r><w:t><![CDATA[%% --- Sampling frequency ---
fs = 10000;   % Hz

%% --- 1. Design 50 Hz Notch Filter ---
wo = 50 / (fs/2);      % Normalized notch frequency
bw = wo / 35;          % Bandwidth
[b, a] = iirnotch(wo, bw);

%% --- 2. Design 1–40 Hz Hamming Band-Pass Filter (Order 100) ---
bpFilt = designfilt('bandpassfir', ...
    'FilterOrder', 100, ...
    'CutoffFrequency1', 1, ...
    'CutoffFrequency2', 40, ...
    'SampleRate', fs, ...
    'Window', 'hamming');

%% --- 3. Apply Filters ---
% Notch only
CH0_notched = filtfilt(b, a, CH0_d);
CH1_notched = filtfilt(b, a, CH1_d);
CH2_notched = filtfilt(b, a, CH2_d);
CH3_notched = filtfilt(b, a, CH3_d);

% Notch + Band-Pass
CH0_filt = filtfilt(bpFilt, CH0_notched);
CH1_filt = filtfilt(bpFilt, CH1_notched);
CH2_filt = filtfilt(bpFilt, CH2_notched);
CH3_filt = filtfilt(bpFilt, CH3_notched);

%% --- 4. Plot (Notched vs Filtered) ---
t = (0:length(CH0_d)-1) / fs;

figure('Name','Notched vs Band-pass-Filtered Signals','NumberTitle','off');
set(gcf, 'Color', 'w');

subplot(2,2,1)
plot(t, CH0_notched, 'Color', [0.6 0.6 0.6], 'LineWidth', 0.8); hold on
plot(t, CH0_filt, 'k', 'LineWidth', 1.2);
title('CH0'); xlabel('Time (s)'); ylabel('Amplitude (V)');
legend('Notch Only','Band-Pass + Notch','Location','best');
grid on; axis tight;

subplot(2,2,2)
plot(t, CH1_notched, 'Color', [0.6 0.6 0.6], 'LineWidth', 0.8); hold on
plot(t, CH1_filt, 'b', 'LineWidth', 1.2);
title('CH1'); xlabel('Time (s)'); ylabel('Amplitude (V)');
legend('Notch Only','Band-Pass + Notch','Location','best');
grid on; axis tight;

subplot(2,2,3)
plot(t, CH2_notched, 'Color', [0.6 0.6 0.6], 'LineWidth', 0.8); hold on
plot(t, CH2_filt, 'r', 'LineWidth', 1.2);
title('CH2'); xlabel('Time (s)'); ylabel('Amplitude (V)');
legend('Notch Only','Band-Pass + Notch','Location','best');
grid on; axis tight;

subplot(2,2,4)
plot(t, CH3_notched, 'Color', [0.6 0.6 0.6], 'LineWidth', 0.8); hold on
plot(t, CH3_filt, 'm', 'LineWidth', 1.2);
title('CH3'); xlabel('Time (s)'); ylabel('Amplitude (V)');
legend('Notch Only','Band-Pass + Notch','Location','best');
grid on; axis tight;

sgtitle('EEG/EMG Channels: 50 Hz Notch vs 1–40 Hz Band-Pass + Notch','FontWeight','bold');]]></w:t></w:r></w:p><w:p><w:pPr><w:pStyle w:val="text"/><w:jc w:val="left"/></w:pPr><w:r><w:t>Next it is a great leap for the signal quality validation on how to actually measure whether actual data is there or is it some random noise</w:t></w:r></w:p><w:p><w:pPr><w:pStyle w:val="text"/><w:jc w:val="left"/></w:pPr><w:r><w:t>Our goal is to increase the SNR of each and every signal so we use the ASR method to find the SNR value and will compare it with the RMS method.</w:t></w:r></w:p><w:p><w:pPr><w:pStyle w:val="text"/><w:jc w:val="left"/></w:pPr><w:r><w:t>Though the RMS method is accurate it does not measure the artifacts within the band of 0.5 - 40 Hz but the ASR method does.</w:t></w:r></w:p><w:p><w:pPr><w:pStyle w:val="code"/></w:pPr><w:r><w:t><![CDATA[%% Compute RMS and ASR SNR from notched EEG channels
% Channels: CH0_notched, CH1_notched, CH2_notched, CH3_notched
% fs must be defined, e.g., fs = 10000;

% ------------------------------
% Pack channels into matrix (channels x samples)
CH0_notched = CH0_notched(:)'; 
CH1_notched = CH1_notched(:)'; 
CH2_notched = CH2_notched(:)'; 
CH3_notched = CH3_notched(:)'; 

data = double([CH0_notched; CH1_notched; CH2_notched; CH3_notched]);
[numCh, N] = size(data);

if ~exist('fs','var')
    error('Please define fs (sampling rate) before running this script, e.g. fs = 10000;');
end

% ------------------------------
% 1) RMS-based SNR (simple method)
SNR_rms_db = zeros(numCh,1);
for ch = 1:numCh
    x = data(ch,:);
    % estimate 'noise' as deviation from median-smoothed signal
    med_win_s = 0.2; % 200 ms window
    medS = max(1, round(med_win_s * fs));
    baseline = medfilt1(x, medS);
    noise_est = x - baseline;
    % RMS SNR
    rms_sig = sqrt(mean(x.^2));
    rms_noise = sqrt(mean(noise_est.^2));
    SNR_rms_db(ch) = 20*log10( (rms_sig + eps) / (rms_noise + eps) );
end

fprintf('\n=== RMS SNR (dB) ===\n');
for ch=1:numCh
    fprintf('CH%d RMS SNR = %.2f dB\n', ch-1, SNR_rms_db(ch));
end

% ------------------------------
% 2) ASR-based SNR (simplified)
fs_small = 250;    % downsample for ASR
win_sec = 0.5;     % ASR window
overlap_frac = 0.5;
k = 5;             % burst criterion

% Downsample
p = fs_small; q = fs;
data_ds = zeros(numCh, ceil(N * fs_small / fs));
for ch=1:numCh
    data_ds(ch,:) = resample(data(ch,:), p, q);
end
fs_proc = fs_small;
Nds = size(data_ds,2);

% Select calibration (low variance)
cal_epoch_sec = 1.0;
epochS = round(cal_epoch_sec * fs_proc);
nEpochs = floor(Nds / epochS);
epochVar = zeros(nEpochs,1);
for e=1:nEpochs
    idx = (e-1)*epochS+1 : e*epochS;
    epochVar(e) = mean(var(data_ds(:, idx),0,2));
end
medv = median(epochVar);
sel = find(epochVar <= 1.5*medv);
cal_idx = [];
for s = sel(:)'
    cal_idx = [cal_idx, (s-1)*epochS+1 : s*epochS];
end
cal_idx = unique(min(max(cal_idx,1),Nds));
Xcal = data_ds(:, cal_idx);

% Whitening
Cref = cov(Xcal.');
[Vref, Dref] = eig(Cref);
eigvals_ref = diag(Dref); eigvals_ref(eigvals_ref<eps)=eps;
Lambda_inv_sqrt = diag(1./sqrt(eigvals_ref));
W = Lambda_inv_sqrt * Vref';
Winv = Vref * diag(sqrt(eigvals_ref));

% Sliding-window ASR SNR
winS = max(2, round(win_sec * fs_proc));
hop = max(1, round(winS*(1-overlap_frac)));
clean_ds = zeros(size(data_ds));
weight = zeros(1, Nds);
hann_win = hann(winS)';

for start = 1:hop:(Nds-winS+1)
    idx = start:(start+winS-1);
    Xw = data_ds(:, idx);
    Zw = W*Xw;
    Cw = (Zw*Zw') / (size(Zw,2)-1);
    [Vw, Dw] = eig(Cw);
    lamb = max(diag(Dw), eps);
    gamma = min(1, k./sqrt(lamb));
    Pw = Vw*diag(gamma)*Vw';
    Xw_clean = Winv * Pw * W * Xw;
    clean_ds(:, idx) = clean_ds(:, idx) + (Xw_clean .* hann_win);
    weight(idx) = weight(idx) + hann_win;
end
nz = weight>0;
clean_ds(:, nz) = clean_ds(:, nz) ./ weight(nz);
zero_idx = find(weight==0);
if ~isempty(zero_idx), clean_ds(:,zero_idx)=data_ds(:,zero_idx); end

% ASR SNR computation
residual_ds = data_ds - clean_ds;
SNR_asr_db = zeros(numCh,1);
for ch=1:numCh
    var_clean = var(clean_ds(ch,:));
    var_res = var(residual_ds(ch,:)) + eps;
    SNR_asr_db(ch) = 10*log10(var_clean/var_res);
end
for ch=1:numCh
    fprintf('CH%d ASR SNR = %.2f dB\n', ch-0, SNR_asr_db(ch));
end
summary = table((0:3)', SNR_rms_db, SNR_asr_db, ...
    'VariableNames', {'Channel','RMS_SNR_dB','ASR_SNR_dB'});
disp(summary);]]></w:t></w:r></w:p><w:p><w:pPr><w:pStyle w:val="text"/><w:jc w:val="left"/></w:pPr><w:r><w:t>We could see that the SNR values have been increased in ASR method over the RMS method</w:t></w:r></w:p></w:body></w:document>